ID;x;y;C;N;E;S;W
1;492091.7886;7660171.095;7;7;7;7;7
2;492086.5915;7660223.775;3;3;3;3;3
3;492080.7785;7660270.725;7;3;3;7;7
4;492076.3423;7660320.633;7;7;7;7;7
5;492072.5092;7660369.819;7;7;7;7;7
6;492065.4251;7660422.401;3;3;3;3;3
7;492061.2352;7660468.161;3;3;7;7;3
8;492056.5409;7660518.99;3;3;3;3;3
9;492053.5525;7660567.682;3;3;3;3;3
10;492046.3178;7660618.941;3;3;3;3;3
11;492042.1126;7660669.176;3;3;3;3;87
12;492032.6228;7660715.057;7;3;3;7;3
13;492029.7648;7660768.717;3;12;23;3;75
14;492025.6187;7660820.074;22;71;71;24;23
15;492019.8518;7660868.151;23;23;23;22;23
16;492024.0993;7660919.936;22;22;23;22;21
17;492012.1259;7660967.495;22;23;22;60;22
18;492005.8834;7661015.282;23;23;22;23;23
19;492001.7163;7661066.297;22;23;23;21;21
20;491995.9751;7661116.531;23;22;24;23;22
21;491992.0485;7661164.355;22;22;23;23;23
22;491987.2434;7661214.867;23;23;23;23;23
23;491981.8547;7661263.19;12;24;23;23;24
24;491977.6817;7661312.39;23;23;23;23;23
25;491972.6377;7661365.536;22;23;23;23;23
26;491968.0234;7661413.068;24;29;12;23;23
27;491962.9796;7661464.455;31;80;80;23;31
28;491958.3568;7661512.749;22;23;23;22;22
29;491951.5938;7661562.013;22;22;23;23;22
30;491947.862;7661611.771;12;12;12;23;23
31;491943.5601;7661661.864;22;23;23;22;22
32;491938.3745;7661710.349;23;12;12;12;12
33;491934.4236;7661760.788;23;23;22;23;23
34;491930.3399;7661814.881;22;23;82;23;12
35;491923.1348;7661862.258;24;24;24;23;24
36;491917.3593;7661910.598;81;81;23;23;24
37;491915.594;7661960.17;23;22;23;82;81
38;491908.9102;7662010.37;1;1;1;1;1
39;491902.5464;7662060.458;2;1;2;2;2
40;491897.0218;7662111.165;81;22;81;23;23
41;492138.1119;7660177.824;3;3;3;3;3
42;492131.7238;7660226.925;3;3;3;3;3
43;492127.7514;7660274.824;3;3;3;3;3
44;492123.5554;7660325.445;7;7;7;7;7
45;492120.8868;7660373.736;3;3;3;3;3
46;492116.2367;7660422.167;3;3;3;3;3
47;492112.8296;7660473.72;7;3;3;3;7
48;492110.352;7660519.182;3;3;3;3;3
49;492097.6347;7660573.665;23;3;23;3;3
50;492093.3002;7660625.331;12;12;24;3;3
51;492088.9033;7660672.462;24;24;23;24;23
52;492085.0513;7660724.103;12;24;24;24;24
53;492081.5978;7660774.235;23;23;23;23;23
54;492075.1125;7660823.035;23;25;23;23;23
55;492070.6256;7660875.051;24;24;22;24;25
56;492065.5962;7660922.153;23;81;81;24;23
57;492060.7768;7660971.672;23;23;23;23;23
58;492055.51;7661021.731;23;23;22;23;23
59;492052.2563;7661069.494;83;23;22;23;23
60;492046.3256;7661120.42;24;24;23;24;23
61;492041.3066;7661171.462;82;82;23;23;24
62;492035.4476;7661221.555;23;23;23;23;23
63;492029.8399;7661270.342;12;23;23;23;23
64;492024.6323;7661319.999;22;22;23;23;23
65;492021.9944;7661369.711;31;83;83;12;12
66;492025.2139;7661429.851;29;12;12;12;31
67;492008.8381;7661469.523;83;83;83;83;83
68;492005.5172;7661517.569;22;23;12;23;23
69;492000.1583;7661566.437;24;24;12;24;24
70;491998.6329;7661616.568;24;22;22;24;23
71;491991.3529;7661667.637;22;23;23;23;23
72;491986.1492;7661717.46;12;23;24;23;23
73;491983.5036;7661769.463;23;23;81;23;81
74;491976.8628;7661816.323;22;23;82;22;22
75;491970.4906;7661866.934;23;23;23;23;23
76;491964.6553;7661918.04;24;24;75;29;29
77;491963.586;7661966.271;81;24;23;23;23
78;491957.0874;7662018.515;81;23;23;23;23
79;491953.3491;7662067.177;NA;NA;NA;NA;NA
80;491948.9007;7662113.081;12;23;23;23;23
81;492188.7606;7660183.428;7;7;7;3;7
82;492183.6802;7660232.28;75;75;75;75;75
83;492176.9231;7660283.945;3;3;3;75;3
84;492173.9182;7660331.727;75;75;75;75;75
85;492166.0872;7660382.062;3;3;3;3;3
86;492161.7307;7660429.517;3;3;12;3;3
87;492156.6725;7660479.667;3;3;3;3;3
88;492150.8228;7660529.698;22;22;22;12;12
89;492146.9327;7660581.34;23;23;23;23;24
90;492145.4081;7660636.152;22;22;23;23;23
91;492137.6413;7660682.24;22;23;22;23;23
92;492132.3935;7660731.376;23;22;23;23;22
93;492127.395;7660780.397;23;23;23;22;22
94;492125.107;7660828.965;22;22;22;75;22
95;492118.2328;7660880.517;22;22;22;22;22
96;492108.6571;7660929.16;23;23;24;30;23
97;492108.5998;7660978.766;23;24;23;23;23
98;492103.4373;7661028.995;23;23;23;23;23
99;492097.5681;7661075.803;23;81;22;23;22
100;492094.2141;7661125.872;25;23;23;23;25
101;492088.619;7661174.737;22;22;23;22;23
102;492084.5953;7661223.964;12;23;23;23;23
103;492081.1879;7661276.182;23;12;12;23;23
104;492074.8526;7661323.498;80;83;80;12;12
105;492070.9613;7661372.625;84;12;84;12;84
106;492065.4137;7661420.505;23;23;24;23;23
107;492060.4856;7661472.504;22;23;22;83;23
108;492055.6415;7661520.702;81;81;22;22;22
109;492050.6533;7661570.414;23;23;23;22;22
110;492045.7557;7661622.079;22;23;23;23;22
111;492041.2329;7661671.312;23;23;23;23;23
112;492036.8175;7661722.315;23;23;23;23;24
113;492030.947;7661771.003;23;23;12;23;23
114;492027.3267;7661824.825;23;23;23;23;23
115;492021.7239;7661871.922;23;12;23;23;12
116;492017.4514;7661923.97;23;23;23;23;23
117;492012.1207;7661972.203;23;23;23;23;23
118;492007.0133;7662020.292;23;84;75;81;23
119;492002.7477;7662070.852;23;23;12;12;23
120;491997.4699;7662121.798;23;23;24;23;22
121;492238.285;7660187.437;75;75;75;75;75
122;492232.5363;7660241.564;75;75;75;75;75
123;492230.1627;7660288.181;75;75;75;75;75
124;492223.1228;7660335.628;75;75;75;75;75
125;492221.1948;7660385.741;12;12;75;75;12
126;492216.1268;7660438.559;23;24;23;22;22
127;492210.2449;7660487.223;42;24;42;24;24
128;492203.1087;7660529.221;84;24;24;22;24
129;492199.6668;7660586.909;24;22;24;23;24
130;492195.1786;7660636.546;22;23;23;23;23
131;492189.1771;7660685.751;24;24;24;24;23
132;492183.6593;7660736.619;23;23;22;23;23
133;492179.6795;7660785.987;23;23;23;81;81
134;492174.1928;7660838.291;25;25;25;24;100
135;492168.879;7660885.956;84;23;23;22;23
136;492165.2501;7660934.096;23;23;23;81;23
137;492160.9783;7660983.918;22;22;23;22;22
138;492158.043;7661035.323;81;22;23;83;23
139;492153.2531;7661082.896;24;24;23;23;23
140;492142.0786;7661129.622;22;23;22;23;23
141;492141.4074;7661182.255;84;84;13;31;31
142;492137.1003;7661232.518;29;31;12;31;12
143;492131.0968;7661283.905;12;12;12;12;23
144;492130.2256;7661330.843;24;23;24;23;23
145;492121.7231;7661381.12;23;23;23;23;24
146;492117.6761;7661419.612;23;23;23;23;23
147;492112.7248;7661482.792;23;23;24;23;22
148;492108.3363;7661531.919;23;23;23;23;23
149;492102.8254;7661578.909;22;81;81;81;23
150;492100.1641;7661628.784;23;23;23;23;22
151;492092.5927;7661677.887;24;24;24;23;24
152;492088.289;7661729.637;12;12;23;23;23
153;492084.7658;7661779.673;12;23;23;12;12
154;492075.8518;7661827.599;22;23;23;23;22
155;492074.0985;7661876.726;23;23;23;23;23
156;492068.4447;7661925.328;29;23;29;84;29
157;492062.3167;7661977.56;23;23;23;23;23
158;492059.5737;7662027.358;22;23;22;23;23
159;492050.967;7662079.39;12;23;23;23;23
160;492044.5455;7662126.411;24;23;24;23;23
161;492287.8144;7660198.607;75;12;31;12;12
162;492278.8091;7660239.245;75;75;75;75;75
163;492273.2042;7660292.655;75;75;75;75;75
164;492266.6392;7660336.418;75;75;75;75;75
165;492268.4847;7660391.213;31;31;12;75;12
166;492264.7741;7660439.642;23;23;23;25;22
167;492258.0618;7660489.824;25;23;24;100;100
168;492255.6799;7660542.708;25;23;24;25;22
169;492250.4793;7660593.026;21;23;23;22;23
170;492247.3254;7660641.098;22;22;23;23;21
171;492240.0205;7660692.247;12;25;12;22;23
172;492235.1877;7660743.73;24;23;23;24;12
173;492238.1163;7660792.03;23;23;23;23;23
174;492224.1327;7660840.012;31;24;24;24;24
175;492221.0034;7660879.498;25;12;12;23;23
176;492217.4546;7660941.149;81;22;22;23;23
177;492208.0166;7660989.58;23;23;23;23;22
178;492204.111;7661040.636;25;24;24;24;100
179;492202.5568;7661090.423;12;12;12;12;12
180;492194.5291;7661140.413;12;31;31;31;12
181;492189.9563;7661189.969;12;12;12;12;12
182;492184.9895;7661237.565;84;12;84;12;12
183;492182.0909;7661287.384;82;23;23;23;82
184;492176.3673;7661337.284;23;24;23;24;23
185;492171.3375;7661387.147;81;23;23;23;23
186;492167.1525;7661439.89;83;23;83;83;83
187;492159.9197;7661487.299;23;23;23;22;23
188;492157.6735;7661534.436;81;81;81;81;23
189;492151.1169;7661585.315;81;81;23;81;81
190;492147.2413;7661635.316;23;23;23;23;81
191;492143.4975;7661689.155;23;23;23;12;23
192;492138.2728;7661733.277;81;23;75;75;23
193;492133.5337;7661782.781;24;24;24;24;24
194;492131.0885;7661835.657;24;24;24;24;24
195;492123.9274;7661886.267;22;23;22;81;22
196;492119.7113;7661933.834;23;23;22;29;23
197;492111.1112;7661978.273;12;23;23;23;12
198;492108.6637;7662032.263;23;23;23;23;23
199;492102.3306;7662084.346;24;23;23;23;24
200;492094.1458;7662128.391;22;22;22;23;23
201;492342.2662;7660199.394;71;71;71;71;71
202;492334.5119;7660246.637;22;22;23;22;21
203;492326.6603;7660295.024;75;75;75;86;85
204;492322.7337;7660345.113;31;31;85;22;85
205;492319.1839;7660394.088;23;23;23;23;21
206;492311.6538;7660440.929;21;21;21;21;21
207;492310.3055;7660493.191;23;30;25;23;23
208;492303.4841;7660543.178;25;23;24;30;23
209;492298.4948;7660592.65;23;27;23;23;23
210;492293.6261;7660642.065;22;23;22;22;22
211;492288.9896;7660692.982;25;75;23;85;75
212;492283.975;7660743.615;23;22;23;23;23
213;492278.9223;7660792.891;75;23;12;23;83
214;492275.0465;7660842.062;22;23;23;23;81
215;492269.5003;7660886.917;21;23;23;21;23
216;492265.522;7660941.622;24;81;24;23;24
217;492260.2941;7660991.854;22;22;23;23;21
218;492254.7527;7661040.427;23;24;24;23;23
219;492247.425;7661095.862;31;31;24;83;83
220;492244.9967;7661142.502;23;12;12;23;12
221;492238.0595;7661192.569;31;31;31;24;31
222;492235.0917;7661242.639;23;24;24;23;12
223;492229.8006;7661290.453;23;24;24;24;24
224;492224.8618;7661340.105;23;23;81;21;23
225;492219.7922;7661390.355;22;21;81;81;21
226;492214.6567;7661440.755;12;22;12;80;22
227;492209.79;7661491.41;23;23;24;23;81
228;492205.0868;7661539.65;81;81;23;81;81
229;492199.8835;7661590.374;22;23;24;75;23
230;492196.1993;7661644.637;24;21;24;23;75
231;492188.4647;7661690.03;81;23;23;75;75
232;492184.8054;7661740.54;23;23;12;12;12
233;492180.4856;7661789.652;12;12;23;12;23
234;492177.4685;7661836.211;23;23;12;23;12
235;492172.5676;7661887.255;31;31;23;24;31
236;492166.4167;7661937.094;23;23;23;23;23
237;492162.2517;7661987.988;12;24;24;24;12
238;492157.5165;7662037.478;12;12;23;12;24
239;492152.6091;7662086.957;23;23;22;12;23
240;492146.5214;7662134.772;24;23;24;23;24
241;492386.1751;7660204.031;22;22;22;71;71
242;492383.6701;7660252.589;12;22;27;85;85
243;492376.9418;7660302.651;22;85;27;71;22
244;492364.984;7660345.341;22;71;28;28;75
245;492369.2506;7660404.516;80;80;80;80;80
246;492360.4295;7660446.622;25;25;23;100;100
247;492360.5752;7660497.17;85;31;31;23;23
248;492353.3429;7660544.951;86;22;23;86;22
249;492347.0678;7660598;22;22;23;22;22
250;492342.8332;7660648.526;23;75;22;23;75
251;492337.8975;7660697.687;23;22;23;23;22
252;492335.9759;7660747.007;22;24;23;75;22
253;492330.8008;7660796.436;25;24;23;23;23
254;492326.2931;7660845.615;25;25;23;24;25
255;492319.1879;7660900.948;25;24;23;23;23
256;492314.5307;7660946.545;23;23;23;23;23
257;492310.9471;7660993.663;22;22;23;23;22
258;492304.8638;7661045.752;83;31;31;31;31
259;492296.703;7661094.869;31;12;12;12;12
260;492293.8864;7661142.579;23;23;12;23;23
261;492289.4383;7661192.05;24;24;24;24;29
262;492284.7683;7661242.591;22;23;23;82;23
263;492280.5715;7661292.504;24;24;24;24;23
264;492274.0547;7661342.76;23;23;23;23;23
265;492273.8209;7661395.87;12;23;12;80;83
266;492264.5576;7661441.485;81;23;23;82;23
267;492259.6485;7661491.891;23;24;24;23;23
268;492253.7706;7661542.238;24;24;24;24;24
269;492249.6402;7661591.282;22;23;24;23;23
270;492244.9621;7661640.391;24;24;24;24;24
271;492241.3316;7661690.826;23;23;23;24;24
272;492235.7159;7661741.692;22;12;24;23;12
273;492229.6591;7661792.293;23;23;24;23;23
274;492224.1505;7661839.93;23;12;23;23;12
275;492220.2621;7661888.626;84;84;84;84;84
276;492216.3996;7661940.622;23;23;24;24;23
277;492210.8533;7661988.833;23;12;12;12;12
278;492205.232;7662041.272;23;24;12;24;24
279;492203.0365;7662086.222;12;23;12;12;24
280;492197.0804;7662137.836;24;12;24;24;22
281;492438.1744;7660208.476;85;22;85;23;75
282;492430.2131;7660251.875;22;22;71;22;71
283;492427.29;7660309.025;22;71;71;22;75
284;492420.442;7660358.48;85;27;22;85;85
285;492419.5063;7660404.044;42;75;42;100;42
286;492412.5485;7660453.041;22;23;22;22;22
287;492405.972;7660504.997;22;75;22;22;23
288;492400.3952;7660564.559;23;23;23;23;23
289;492398.3686;7660599.664;22;23;22;22;22
290;492394.6239;7660651.312;23;25;24;25;23
291;492386.8401;7660699.909;75;24;24;22;23
292;492383.01;7660748.81;23;22;22;23;23
293;492377.5951;7660805.054;22;23;23;23;22
294;492373.2167;7660853.483;22;22;12;12;23
295;492370.2638;7660902.449;23;21;23;24;22
296;492363.8959;7660954.045;81;81;23;23;24
297;492353.253;7661007.526;84;12;24;12;12
298;492351.5344;7661050.297;31;23;31;31;31
299;492348.1623;7661098.019;23;22;23;23;23
300;492344.9139;7661150.906;23;21;23;23;24
301;492338.8926;7661196.775;21;23;21;23;24
302;492334.0602;7661248.803;21;27;21;23;23
303;492328.8123;7661297.538;23;22;23;23;23
304;492325.684;7661348.433;31;12;12;83;31
305;492320.0219;7661397.484;23;24;24;24;24
306;492316.4306;7661446.555;23;23;23;22;23
307;492313.2678;7661496.917;23;24;24;23;12
308;492305.156;7661551.521;23;23;23;23;23
309;492301.4463;7661596.108;81;23;23;81;23
310;492294.5672;7661644.797;29;24;29;23;23
311;492293.2694;7661694.647;23;22;23;23;23
312;492281.1366;7661744.457;12;24;23;12;24
313;492282.0721;7661794.44;12;23;23;23;23
314;492272.1503;7661843.997;12;23;24;23;23
315;492275.6429;7661897.247;84;23;84;84;84
316;492268.7296;7661945.773;22;24;23;24;24
317;492261.8733;7661997.933;23;23;23;23;23
318;492257.5705;7662048.031;23;23;23;12;23
319;492245.5353;7662089.969;23;23;23;23;21
320;492251.5584;7662145.237;23;22;22;22;23
321;492487.3959;7660203.915;71;71;21;21;22
322;492481.5489;7660262.17;85;85;100;27;22
323;492475.7777;7660312.217;23;23;23;25;75
324;492472.7276;7660362.609;27;23;27;21;21
325;492466.3526;7660411.006;30;75;75;30;30
326;492463.8293;7660461.208;25;24;23;23;24
327;492458.4092;7660508.398;12;24;22;12;24
328;492453.4149;7660562.966;25;24;75;23;12
329;492450.4559;7660608.623;43;46;46;46;43
330;492442.3;7660660.084;23;22;22;23;23
331;492436.6124;7660709.305;23;23;23;23;23
332;492431.583;7660759.381;12;80;80;75;23
333;492426.4715;7660808.756;12;24;24;24;12
334;492423.7486;7660858.492;23;23;84;12;12
335;492418.2082;7660908.293;23;24;24;24;24
336;492413.5885;7660957.627;22;22;22;23;22
337;492408.1101;7661011.93;31;31;83;31;31
338;492403.6609;7661054.694;31;80;80;84;31
339;492398.2495;7661106.754;22;23;23;23;23
340;492393.479;7661156.611;24;24;24;23;24
341;492388.9595;7661206.12;23;23;23;23;21
342;492384.3053;7661259.586;23;24;24;24;24
343;492378.6342;7661305.828;23;83;84;23;84
344;492372.799;7661354.367;81;22;22;23;24
345;492368.7102;7661406.827;23;23;23;23;81
346;492363.8052;7661455.321;23;24;24;24;23
347;492359.2248;7661504.81;12;84;80;80;12
348;492354.4174;7661554.906;24;24;24;24;24
349;492350.7307;7661605.052;23;23;23;23;23
350;492345.1819;7661655.023;24;23;24;24;22
351;492340.0805;7661701.69;23;23;23;24;23
352;492333.1333;7661752.564;23;24;24;24;24
353;492327.8695;7661801.065;12;12;24;24;12
354;492322.5233;7661849.837;22;22;22;23;23
355;492318.0313;7661898.963;12;12;84;12;83
356;492312.3682;7661949.679;23;23;23;23;23
357;492308.442;7661999.938;24;24;24;24;24
358;492303.1444;7662048.265;23;23;22;22;23
359;492297.7392;7662097.36;12;24;24;23;24
360;492293.248;7662147.558;24;24;24;24;24
361;492535.3644;7660220.171;27;27;27;71;21
362;492527.1199;7660261.366;27;85;85;27;22
363;492526.8125;7660318.118;22;71;21;22;71
364;492524.0001;7660369.121;25;27;75;75;71
365;492514.121;7660417.453;23;22;30;27;27
366;492511.1087;7660467.834;85;57;80;22;22
367;492509.0421;7660513.994;31;31;22;31;31
368;492502.6711;7660565.53;12;12;23;31;12
369;492499.1877;7660618.048;23;23;23;22;12
370;492491.3342;7660664.386;23;23;23;23;23
371;492485.5467;7660716.782;85;24;24;85;85
372;492481.1991;7660766.672;23;24;23;23;23
373;492475.1062;7660814.552;21;23;23;23;22
374;492473.1539;7660864.496;23;23;21;21;23
375;492467.2795;7660913.265;12;12;12;24;24
376;492463.0435;7660959.125;31;83;31;31;25
377;492457.5171;7661009.254;24;24;23;24;24
378;492452.1614;7661062.357;24;12;24;23;23
379;492447.984;7661112.844;23;23;23;23;23
380;492443.9487;7661163.265;23;24;23;23;23
381;492438.7911;7661213.368;81;24;24;24;24
382;492432.9827;7661261.929;24;24;24;24;24
383;492429.3107;7661308.609;25;83;80;24;24
384;492424.3833;7661360.859;23;23;12;23;23
385;492418.2776;7661412.715;22;22;23;23;75
386;492414.3508;7661461.237;23;23;23;23;23
387;492409.3909;7661511.651;23;23;23;23;23
388;492405.373;7661559.487;89;23;89;89;89
389;492399.2379;7661610.779;23;23;23;23;23
390;492394.1665;7661661.362;24;23;23;24;23
391;492389.0054;7661709.656;24;24;24;24;24
392;492384.8295;7661760.567;2;24;24;24;24
393;492380.0245;7661809.036;22;23;24;23;82
394;492377.7691;7661858.357;88;23;23;84;12
395;492371.8022;7661909.365;12;12;12;12;12
396;492367.3047;7661959.456;87;23;83;87;84
397;492363.2606;7662008.633;22;23;23;23;22
398;492355.9497;7662057.338;23;21;23;23;23
399;492350.8787;7662107.388;24;24;24;23;24
400;492345.012;7662152.412;23;24;24;24;24
401;492585.575;7660220.278;22;22;75;71;71
402;492582.0231;7660268.086;22;22;22;22;75
403;492579.6707;7660322.855;30;30;30;30;71
404;492571.0882;7660370.302;23;21;30;27;21
405;492568.9074;7660420.9;22;21;22;85;23
406;492565.4509;7660470.198;71;71;71;71;71
407;492556.5217;7660518.01;27;71;71;71;27
408;492552.8677;7660570.965;25;22;23;25;80
409;492550.7586;7660618.973;23;23;21;27;71
410;492545.2674;7660670.501;22;12;24;24;100
411;492539.7819;7660723.08;22;24;24;23;22
412;492534.9433;7660766.676;24;12;24;31;24
413;492528.4519;7660820.585;12;12;12;23;22
414;492523.6303;7660869.601;22;23;22;23;23
415;492518.5559;7660918.201;12;12;23;25;30
416;492514.0743;7660971.407;12;12;23;23;23
417;492507.4634;7661017.245;23;23;23;23;23
418;492504.7433;7661067.492;23;24;24;23;23
419;492498.5965;7661116.035;23;24;23;23;23
420;492494.2008;7661166.792;23;23;23;23;23
421;492489.8345;7661217.659;23;23;23;23;23
422;492484.1141;7661265.823;84;80;84;84;84
423;492479.1422;7661318.364;80;23;83;80;83
424;492474.8328;7661367.164;29;24;24;23;29
425;492469.8778;7661416.141;24;24;24;24;24
426;492465.5237;7661464.499;24;23;24;24;24
427;492459.9931;7661515.596;23;23;23;23;24
428;492456.1431;7661564.383;24;24;24;84;24
429;492449.144;7661616.146;23;24;23;23;23
430;492445.5291;7661665.432;25;12;24;24;23
431;492441.124;7661711.445;23;23;22;23;23
432;492434.6345;7661762.069;82;22;22;23;23
433;492429.7097;7661815.09;24;24;24;21;24
434;492424.3048;7661865.973;84;84;84;23;84
435;492420.6321;7661915.45;29;29;29;29;29
436;492416.953;7661963.051;24;24;22;24;24
437;492412.6704;7662012.259;22;24;24;22;24
438;492411.7991;7662056.625;22;22;23;23;23
439;492400.5412;7662109.863;24;24;24;24;24
440;492392.5781;7662159.719;23;23;23;24;23
441;492635.9767;7660225.001;23;22;71;22;21
442;492628.4392;7660279.016;22;21;22;75;71
443;492627.0095;7660327.491;75;80;22;100;100
444;492621.9736;7660374.208;27;100;27;27;85
445;492615.8748;7660426.705;22;23;22;23;85
446;492612.3146;7660478.228;22;22;23;23;22
447;492607.3059;7660525.956;22;27;23;22;75
448;492600.544;7660574.621;41;25;25;41;43
449;492594.9169;7660626.718;22;22;23;23;22
450;492590.7818;7660673.079;22;23;27;22;21
451;492584.6806;7660724.605;22;23;21;23;24
452;492582.359;7660774.252;23;23;22;24;22
453;492576.7449;7660824.678;24;24;23;23;24
454;492571.4081;7660874.541;25;75;75;22;75
455;492563.9847;7660921.71;12;23;23;12;83
456;492561.0364;7660974.906;24;24;24;24;24
457;492554.9295;7661024.622;23;82;23;23;23
458;492550.3965;7661073.916;23;23;24;23;24
459;492545.7071;7661122.966;12;21;24;24;24
460;492541.1842;7661173.03;25;25;24;24;23
461;492535.9199;7661221.285;29;12;29;29;29
462;492531.9915;7661271.184;24;24;29;24;24
463;492527.3127;7661320.256;23;23;12;12;23
464;492522.7763;7661369.709;24;12;24;23;23
465;492518.2057;7661418.684;24;24;24;24;24
466;492512.6393;7661469.653;23;23;23;23;23
467;492508.2474;7661518.887;23;89;23;23;23
468;492503.3244;7661569.211;23;23;23;24;24
469;492499.1088;7661618.688;23;23;23;23;23
470;492493.1319;7661668.481;23;23;23;13;13
471;492487.7526;7661719.29;22;22;22;24;23
472;492483.813;7661768.203;22;23;22;24;24
473;492477.8773;7661818.421;23;23;81;23;22
474;492473.8755;7661866.408;81;25;25;81;81
475;492468.9019;7661917.609;29;29;29;29;29
476;492464.8186;7661966.474;24;24;24;24;24
477;492458.9018;7662017.268;12;24;24;24;22
478;492449.3832;7662115.751;22;24;24;24;24
479;492453.5599;7662067.388;22;24;24;24;24
480;492442.7701;7662162.927;23;23;24;24;23
481;492685.3186;7660233.035;22;22;85;85;22
482;492681.188;7660278.981;86;44;42;27;27
483;492676.2408;7660334.833;27;27;71;85;22
484;492670.3598;7660382.898;21;22;21;21;71
485;492666.4691;7660432.458;23;22;23;27;22
486;492660.3418;7660477.071;23;23;23;22;22
487;492655.8831;7660527.284;23;85;23;85;25
488;492649.6951;7660576.633;27;81;23;23;25
489;492643.5806;7660627.902;22;23;23;23;23
490;492640.4607;7660676.539;23;12;24;23;23
491;492636.192;7660726.916;23;23;24;23;23
492;492630.826;7660776.948;25;24;83;24;23
493;492625.2354;7660825.492;24;24;25;12;81
494;492620.1569;7660874.925;83;85;85;23;12
495;492605.6048;7660924.754;23;23;22;22;23
496;492611.4939;7660974.045;23;23;23;23;23
497;492606.7459;7661021.978;22;23;22;23;23
498;492601.3232;7661073.519;24;22;24;24;24
499;492595.1253;7661121.687;23;23;23;23;23
500;492591.7512;7661171.983;22;12;24;23;23
501;492586.8633;7661221.578;22;12;12;29;23
502;492581.0396;7661275.152;23;23;24;24;23
503;492577.6699;7661324.367;89;89;89;84;80
504;492577.089;7661377.868;84;84;12;84;23
505;492570.4641;7661423.647;22;23;24;23;23
506;492561.8416;7661476.873;23;23;23;22;22
507;492558.841;7661520.601;23;12;23;23;24
508;492553.3088;7661571.755;24;25;24;24;24
509;492549.0637;7661620.226;23;24;24;24;23
510;492545.5062;7661668.986;23;24;24;23;23
511;492538.6456;7661720.31;81;81;22;23;23
512;492535.0321;7661768.31;23;23;22;23;22
513;492528.2384;7661819.565;81;23;24;23;21
514;492525.1196;7661867.335;89;84;84;89;84
515;492520.0648;7661918.094;87;29;84;84;29
516;492515.1201;7661968.453;22;24;23;24;24
517;492510.5449;7662016.268;12;22;22;23;12
518;492505.6924;7662067.056;12;24;23;24;12
519;492499.568;7662116.257;12;24;12;12;22
520;492494.931;7662167.043;25;22;43;43;75
521;492733.6016;7660241.688;22;22;22;27;22
522;492730.9148;7660285.98;75;75;75;75;75
523;492724.6909;7660334.242;42;25;25;42;80
524;492719.1469;7660386.108;22;22;22;22;22
525;492715.2284;7660437.858;23;27;23;22;22
526;492708.8557;7660483.267;25;25;75;25;25
527;492705.2276;7660532.78;25;24;25;75;24
528;492701.7657;7660584.01;24;43;25;27;43
529;492696.2814;7660630.502;42;42;42;42;42
530;492690.0686;7660683.447;25;85;25;83;43
531;492683.8871;7660732.026;22;24;23;82;25
532;492680.4635;7660781.357;22;23;23;22;23
533;492679.0744;7660833.607;25;25;25;100;100
534;492670.3438;7660880.825;23;24;24;23;22
535;492668.6866;7660940.423;23;12;23;23;23
536;492662.224;7660977.868;23;24;23;23;23
537;492656.5594;7661028.486;23;23;22;23;23
538;492653.0889;7661081.436;23;23;22;23;23
539;492648.3142;7661131.403;84;84;84;84;12
540;492639.572;7661182.435;23;23;23;22;23
541;492637.3482;7661227.338;22;23;22;23;23
542;492631.018;7661277.397;23;23;23;23;23
543;492628.3319;7661326.166;84;84;84;84;84
544;492623.828;7661384.069;23;23;22;22;23
545;492618.872;7661429.927;29;84;84;84;84
546;492612.0303;7661477.855;23;12;80;75;75
547;492611.9715;7661529.214;22;22;22;23;22
548;492600.9759;7661578.966;22;23;22;22;23
549;492597.2818;7661627.091;23;23;23;21;23
550;492592.3979;7661680.578;12;23;23;23;23
551;492588.0414;7661728.276;23;23;23;23;23
552;492582.8989;7661779.833;81;24;23;23;23
553;492578.1467;7661828.664;22;23;24;22;24
554;492572.7231;7661878.945;89;23;84;84;84
555;492565.8855;7661927.157;22;12;24;24;12
556;492564.3178;7661976.707;24;23;24;12;24
557;492560.0143;7662025.585;24;24;24;23;24
558;492553.6172;7662076.409;22;23;23;23;22
559;492546.7546;7662127.933;25;24;24;23;12
560;492542.8172;7662176.379;25;12;12;24;24
561;492785.3162;7660242.375;22;30;30;71;71
562;492778.1046;7660293.515;25;25;25;85;85
563;492773.6056;7660337.699;25;27;22;22;22
564;492770.1193;7660388.223;24;22;75;22;23
565;492763.4652;7660438.264;22;75;22;23;27
566;492759.3096;7660488.609;24;24;25;27;24
567;492754.408;7660537.729;23;22;23;23;22
568;492749.7783;7660588.697;23;75;22;22;23
569;492746.0646;7660636.955;27;22;71;71;71
570;492739.5621;7660688.04;23;23;23;22;21
571;492734.3337;7660737.29;23;23;24;23;23
572;492729.4732;7660786.387;23;23;24;24;22
573;492725.1601;7660836.881;25;12;12;80;80
574;492720.3799;7660883.397;22;23;23;21;23
575;492715.0203;7660935.284;12;23;23;22;12
576;492709.6563;7660986.605;23;23;23;23;21
577;492705.3132;7661035.606;24;24;22;24;24
578;492701.3692;7661084.947;84;84;84;84;84
579;492697.0116;7661137.206;23;84;22;23;23
580;492690.2782;7661186.523;84;84;29;84;84
581;492686.8207;7661235.167;80;80;80;23;23
582;492681.5599;7661283.377;23;23;23;23;23
583;492677.4236;7661333.388;23;24;23;23;23
584;492672.5354;7661381.323;12;23;23;23;12
585;492668.3051;7661431.621;29;80;84;84;84
586;492662.2403;7661481.861;22;12;12;24;12
587;492657.2321;7661530.001;23;22;22;22;22
588;492653.0327;7661577.022;24;24;24;85;24
589;492648.6405;7661627.855;23;23;23;23;23
590;492643.3427;7661678.724;23;23;23;24;24
591;492638.6967;7661729.146;23;24;24;23;24
592;492634.4515;7661778.061;23;24;22;23;23
593;492628.0178;7661828.954;24;23;23;24;23
594;492621.8509;7661883.511;22;22;22;22;24
595;492618.6039;7661928.998;22;23;22;23;23
596;492613.9775;7661979.197;12;12;12;12;12
597;492609.0408;7662027.503;24;24;24;23;24
598;492605.0502;7662079.092;22;22;22;22;24
599;492599.5346;7662127.514;24;22;22;22;12
600;492594.765;7662177.869;22;22;22;22;23
601;492837.9437;7660238.567;75;75;75;75;75
602;492827.6412;7660292.754;22;71;22;25;25
603;492821.7384;7660347.733;21;22;22;27;27
604;492821.413;7660399.65;23;22;25;27;22
605;492815.5557;7660447.402;86;43;43;71;71
606;492807.6487;7660497.195;87;100;85;27;85
607;492802.0508;7660547.698;22;27;83;22;22
608;492800.0427;7660595.16;71;71;71;71;71
609;492794.2621;7660644.465;23;23;24;23;23
610;492790.6663;7660695.604;24;23;23;22;22
611;492785.3772;7660743.856;71;71;71;71;23
612;492782.2223;7660793.639;25;31;31;85;85
613;492777.3872;7660842.161;23;24;22;23;23
614;492772.4575;7660892.782;24;24;24;24;24
615;492765.9825;7660938.958;22;23;22;22;24
616;492762.6041;7660991.745;24;24;24;24;24
617;492753.6206;7661040.178;31;84;31;23;31
618;492751.262;7661088.423;23;84;84;23;23
619;492745.0746;7661139.017;84;84;29;23;23
620;492742.1808;7661189.02;23;23;22;21;21
621;492734.9544;7661238.638;23;23;23;23;23
622;492730.1811;7661289.923;80;80;80;83;83
623;492726.9995;7661338.924;25;23;22;83;83
624;492723.4567;7661388.651;31;83;80;80;31
625;492717.5183;7661437.798;80;24;29;31;29
626;492711.7265;7661485.972;23;23;12;23;23
627;492709.2317;7661537.947;22;22;23;12;22
628;492703.27;7661587.076;24;24;24;24;24
629;492697.0429;7661634.947;22;22;22;22;22
630;492692.2951;7661685.693;22;22;23;23;22
631;492685.8224;7661736.626;81;23;24;23;23
632;492682.548;7661786.667;23;23;81;22;24
633;492676.0094;7661838.308;22;22;22;22;24
634;492662.443;7661887.861;23;23;23;22;23
635;492666.2631;7661936.789;23;23;24;22;24
636;492662.7196;7661985.442;23;24;29;29;29
637;492658.8474;7662037.997;24;24;24;24;24
638;492656.7347;7662082.099;22;22;22;23;22
639;492649.9973;7662136.676;22;22;22;22;23
640;492643.1432;7662183.586;22;23;22;22;22
641;492883.784;7660251.681;22;71;22;22;27
642;492881.007;7660302.799;22;21;21;21;27
643;492873.232;7660352.614;22;75;75;27;22
644;492870.5719;7660403.36;75;75;75;25;25
645;492864.8633;7660451.303;25;85;85;25;25
646;492860.311;7660502.775;71;22;71;71;71
647;492851.7368;7660550.433;22;27;22;27;27
648;492850.8729;7660601.725;22;22;22;22;22
649;492847.871;7660651.664;23;71;71;23;23
650;492840.2301;7660700.936;23;27;23;22;27
651;492834.4068;7660748.258;25;25;25;25;25
652;492830.1736;7660798.34;25;25;24;29;29
653;492827.4541;7660845.602;12;23;23;31;31
654;492821.0548;7660898.017;24;24;24;24;24
655;492817.9524;7660946.575;25;12;23;23;23
656;492812.1321;7660996.041;23;22;23;22;21
657;492806.2858;7661048.887;84;84;84;84;84
658;492802.4532;7661095.712;29;12;84;29;23
659;492796.2711;7661145.623;24;24;24;24;29
660;492790.7197;7661195.944;24;24;24;23;23
661;492786.9714;7661245.697;87;87;87;23;87
662;492784.0131;7661292.926;23;23;23;23;24
663;492777.7649;7661346.203;80;80;80;41;80
664;492771.1996;7661397.238;31;31;75;31;80
665;492766.6227;7661445.549;22;22;22;31;12
666;492761.8043;7661495.167;23;23;75;22;23
667;492757.2465;7661545.107;22;23;22;23;22
668;492752.4004;7661594.264;81;22;81;23;21
669;492749.1018;7661644.296;23;22;23;22;22
670;492744.8678;7661694.412;23;22;22;22;22
671;492738.6237;7661744.974;23;25;23;21;82
672;492733.0037;7661795.616;24;24;24;29;29
673;492726.9016;7661844.804;24;24;24;24;24
674;492724.739;7661894.985;21;22;21;23;81
675;492719.7484;7661944.026;23;24;24;30;24
676;492713.0338;7661993.778;24;24;24;29;29
677;492707.2762;7662044.51;23;23;23;23;24
678;492702.9788;7662092.489;22;22;24;24;23
679;492700.207;7662141.065;22;24;22;22;22
680;492695.8924;7662190.252;22;22;22;22;22
681;492936.4037;7660253.592;85;80;27;22;85
682;492928.5092;7660306.315;71;71;71;71;71
683;492924.6857;7660353.873;25;71;27;30;30
684;492921.9177;7660404.781;47;47;25;47;83
685;492914.6572;7660452.806;75;21;75;30;25
686;492910.5099;7660503.689;52;27;75;75;27
687;492904.4962;7660554.659;85;85;30;80;27
688;492897.8555;7660604.767;41;24;24;24;41
689;492893.5399;7660654.034;27;23;22;23;22
690;492887.6163;7660702.953;44;27;85;100;25
691;492880.8819;7660752.217;12;85;85;22;25
692;492876.6721;7660798.658;25;31;12;23;24
693;492873.6957;7660849.957;23;22;22;23;23
694;492868.5773;7660900.939;22;22;22;24;22
695;492866.4421;7660951.989;23;23;24;23;23
696;492861.9662;7660999.432;31;22;31;84;84
697;492854.4201;7661048.268;23;23;23;12;12
698;492850.4092;7661098.796;24;24;29;29;29
699;492847.2936;7661148.408;21;23;22;23;23
700;492842.7385;7661200.825;25;22;47;25;86
701;492834.5634;7661246.531;23;23;24;23;12
702;492832.5853;7661298.098;23;22;22;22;23
703;492829.6147;7661349.912;41;24;31;41;41
704;492821.4465;7661396.552;31;31;31;31;31
705;492820.1877;7661447.847;12;23;12;24;23
706;492812.0053;7661497.82;22;23;22;22;22
707;492806.1522;7661547.822;89;89;30;22;89
708;492798.9624;7661595.017;23;23;23;22;23
709;492796.6166;7661646.9;22;22;24;23;22
710;492792.0024;7661697.285;23;23;23;23;23
711;492785.9731;7661747.248;23;75;23;22;23
712;492780.6625;7661799.439;22;24;24;24;24
713;492776.9262;7661849.011;12;23;12;12;23
714;492771.7265;7661897.083;22;24;24;24;22
715;492767.5482;7661947.762;25;25;24;24;22
716;492760.3659;7661998.189;12;22;22;22;22
717;492757.4504;7662044.556;22;22;22;75;24
718;492753.0383;7662095.205;22;22;22;22;22
719;492748.1837;7662147.111;24;24;24;24;24
720;492742.5149;7662197.86;12;24;75;12;12
721;492984.6322;7660262.685;27;27;27;27;27
722;492978.9173;7660311.189;75;75;27;23;27
723;492975.3055;7660361.594;22;27;25;22;23
724;492969.1981;7660412.909;27;22;22;22;22
725;492963.4531;7660461.854;23;22;25;22;30
726;492958.9516;7660508.728;22;25;24;71;24
727;492954.6091;7660561.17;81;23;23;75;81
728;492951.0348;7660609.905;23;22;22;23;22
729;492944.1203;7660661.054;25;22;27;27;27
730;492939.5032;7660710.323;31;80;89;31;24
731;492935.2226;7660758.891;12;12;12;29;29
732;492931.2594;7660809.278;12;24;24;31;12
733;492924.5712;7660857.792;24;24;24;24;24
734;492919.7251;7660908.947;24;23;22;24;25
735;492915.0795;7660957.451;87;85;23;87;87
736;492910.7526;7661004.855;22;12;22;23;23
737;492905.6201;7661055.691;24;24;24;24;24
738;492900.8086;7661107.116;22;12;23;12;24
739;492896.5419;7661156.949;24;24;23;24;22
740;492891.1715;7661206.044;22;23;22;23;24
741;492886.6363;7661256.105;24;24;24;24;24
742;492882.3128;7661305.979;23;22;23;23;23
743;492877.258;7661356.271;24;24;24;85;85
744;492873.448;7661405.566;80;80;80;83;80
745;492866.4088;7661456.958;23;23;24;24;23
746;492862.241;7661505.832;22;81;23;22;22
747;492855.9805;7661551.267;89;89;89;89;89
748;492854.4376;7661601.931;23;23;23;23;23
749;492847.4693;7661652.924;NA;NA;NA;NA;NA
750;492841.8694;7661706.086;25;23;23;31;22
751;492838.1235;7661756.274;24;23;24;24;22
752;492832.1596;7661803.388;24;24;24;24;24
753;492827.1722;7661854.22;22;22;23;24;23
754;492822.954;7661892.37;23;23;23;24;23
755;492817.5412;7661953.48;25;24;24;25;24
756;492813.4069;7662003.421;31;75;31;22;24
757;492808.1935;7662053.996;22;22;22;12;12
758;492803.4663;7662101.891;22;24;12;23;23
759;492797.7859;7662153.732;24;24;24;24;24
760;492792.6882;7662199.033;22;22;22;12;22
761;493034.3002;7660266.351;28;28;28;27;75
762;493027.8131;7660314.207;22;71;21;27;85
763;493022.696;7660365.731;27;22;22;27;21
764;493017.3507;7660414.229;43;85;82;27;27
765;493012.699;7660466.88;22;22;21;22;22
766;493008.9907;7660514.279;22;22;27;27;21
767;493005.5371;7660561.966;47;47;25;27;47
768;492997.098;7660611.321;25;25;30;25;44
769;492994.2383;7660665.46;29;80;23;85;80
770;492988.8374;7660712.843;84;80;80;84;80
771;492983.4845;7660760.905;31;29;84;80;31
772;492976.9882;7660812.936;81;22;21;22;23
773;492974.5039;7660860.448;24;24;12;23;24
774;492969.0855;7660911.258;24;23;22;24;24
775;492964.0755;7660961.703;31;23;31;23;24
776;492959.4337;7661009.821;23;23;22;23;23
777;492957.3963;7661060.48;23;22;24;23;24
778;492950.9521;7661108.165;81;22;22;23;24
779;492945.5434;7661160.129;23;23;24;23;23
780;492943.0187;7661209.052;22;22;23;23;23
781;492934.6754;7661258.637;22;22;22;22;23
782;492933.041;7661307.735;24;24;24;23;24
783;492927.6669;7661356.443;24;24;23;24;24
784;492919.7735;7661406.742;86;80;25;23;25
785;492915.7977;7661455.807;80;23;23;80;80
786;492909.9503;7661508.628;22;25;25;22;22
787;492905.3764;7661554.416;22;23;24;81;22
788;492900.8342;7661608.149;23;23;23;23;24
789;492896.4733;7661655.759;24;24;22;24;22
790;492892.0583;7661705.208;23;23;23;24;23
791;492886.3623;7661755.611;23;24;24;24;23
792;492880.6873;7661806.191;24;24;24;23;22
793;492873.344;7661851.741;24;24;24;24;12
794;492870.9936;7661905.182;24;24;24;24;24
795;492866.0532;7661955.419;24;24;24;24;24
796;492862.655;7662005.307;75;25;41;75;75
797;492855.6471;7662054.291;22;23;12;23;24
798;492848.8627;7662106.199;24;24;24;24;24
799;492846.2998;7662153.933;24;24;24;30;12
800;492843.848;7662204.286;24;24;24;24;24
801;493083.9079;7660269.383;27;27;75;30;75
802;493078.86;7660321.343;80;80;30;42;43
803;493072.6616;7660372.138;27;27;75;30;27
804;493067.5154;7660421.205;27;27;27;21;27
805;493062.8562;7660470.549;25;25;25;25;25
806;493059.9905;7660518.346;25;75;27;23;75
807;493054.2804;7660572.039;42;31;80;100;100
808;493049.8981;7660619.166;42;30;25;42;31
809;493043.0549;7660669.635;24;30;24;24;24
810;493038.8714;7660719.682;31;31;31;24;24
811;493035.5804;7660769.903;31;31;12;80;31
812;493030.7173;7660819.321;24;24;24;23;23
813;493022.6256;7660867.498;23;24;23;23;23
814;493019.9123;7660918.607;31;83;31;31;31
815;493016.1725;7660965.083;85;80;80;23;85
816;493012.4923;7661015.986;22;22;23;23;23
817;493004.8613;7661065.704;24;23;24;22;23
818;493000.9713;7661114.805;12;12;23;24;24
819;492994.1978;7661161.803;23;22;23;24;22
820;492989.3909;7661212.014;23;23;21;24;22
821;492986.7198;7661263.367;23;23;23;21;23
822;492983.0876;7661313.904;23;24;24;24;23
823;492977.5755;7661365.71;23;24;23;23;30
824;492972.5201;7661416.088;83;12;83;83;80
825;492967.354;7661464.991;23;22;23;24;23
826;492962.1576;7661514.034;23;23;23;23;23
827;492955.8607;7661561.992;23;23;23;22;22
828;492952.6146;7661614.32;29;24;24;12;29
829;492947.218;7661663.795;23;22;24;23;22
830;492942.2448;7661712.526;23;23;24;24;23
831;492936.6599;7661761.98;23;23;23;23;23
832;492931.942;7661812.035;23;12;24;23;23
833;492928.3321;7661862.468;22;23;23;22;23
834;492922.9798;7661913.823;22;23;24;24;22
835;492917.5722;7661962.542;24;24;24;23;24
836;492912.7949;7662010.448;22;23;23;22;22
837;492909.0477;7662060.443;12;12;12;12;12
838;492902.7539;7662107.541;22;24;30;12;12
839;492899.2455;7662162.599;23;22;22;23;22
840;492892.4782;7662207.86;30;30;24;24;30
841;493133.208;7660273.948;87;85;85;87;87
842;493130.1603;7660323.657;27;27;27;27;23
843;493120.9725;7660373.81;23;22;21;21;22
844;493119.6443;7660425.06;52;30;30;30;30
845;493110.7749;7660475.023;87;87;87;87;87
846;493109.239;7660522.404;42;80;80;44;42
847;493102.6737;7660572.105;22;23;22;87;80
848;493099.5621;7660623.402;25;23;24;25;25
849;493095.8172;7660670.791;31;31;80;80;87
850;493089.2791;7660723.176;31;80;85;22;31
851;493083.1857;7660771.618;24;24;24;80;23
852;493080.768;7660821.009;25;25;25;24;25
853;493072.6022;7660872.253;24;24;12;31;31
854;493071.2807;7660920.197;12;24;23;85;87
855;493063.8628;7660970.527;25;23;29;83;29
856;493059.325;7661020.998;25;25;23;23;25
857;493052.8629;7661069.388;22;81;23;23;23
858;493049.1456;7661119.138;25;22;24;75;22
859;493045.65;7661169.263;23;22;30;22;23
860;493038.6659;7661218.213;23;22;24;24;23
861;493037.0636;7661268.496;22;23;22;12;23
862;493030.1632;7661318.847;84;84;84;80;80
863;493026.7933;7661369.253;23;23;21;21;81
864;493018.0042;7661422.121;31;80;31;22;31
865;493015.6034;7661464.79;23;23;24;24;23
866;493009.9974;7661515.359;22;22;23;22;12
867;493005.1322;7661574.243;23;23;23;23;24
868;493000.3364;7661617.195;12;24;75;23;24
869;492996.5533;7661667.188;22;23;23;23;22
870;492991.9048;7661715.725;23;23;23;23;23
871;492985.9259;7661766.537;23;23;23;23;22
872;492981.1051;7661814.884;22;22;22;22;22
873;492976.4273;7661866.835;23;23;23;23;23
874;492972.0542;7661914.548;22;22;22;22;24
875;492965.2877;7661966.65;12;22;12;24;25
876;492960.53;7662012.004;22;22;22;23;23
877;492956.3575;7662067.091;22;30;24;24;24
878;492952.571;7662114.069;12;12;30;12;12
879;492945.9742;7662165.627;12;12;12;12;31
880;492942.4878;7662213.98;22;22;30;30;22
881;493181.3212;7660277.386;27;27;22;27;30
882;493176.2134;7660328.5;23;22;21;21;22
883;493172.798;7660379.857;23;22;75;75;75
884;493168.3271;7660426.649;85;22;27;85;85
885;493163.5833;7660475.917;25;80;87;80;80
886;493158.0556;7660526.993;22;23;23;27;22
887;493153.4099;7660574.402;25;22;30;30;85
888;493148.5701;7660623.777;31;80;80;27;31
889;493144.4042;7660673.747;22;27;22;85;22
890;493139.6211;7660722.991;22;22;22;22;22
891;493133.5089;7660781.466;24;25;24;23;22
892;493129.2496;7660823.763;23;75;23;22;23
893;493122.6025;7660881.021;22;23;22;23;23
894;493119.8018;7660926.013;23;23;23;81;85
895;493112.3678;7660979.071;24;23;24;24;24
896;493108.8944;7661025.066;23;23;30;23;23
897;493103.5849;7661072.697;22;23;22;22;23
898;493097.406;7661125.203;21;23;23;21;21
899;493093.2013;7661172.986;23;23;23;23;23
900;493089.0655;7661221.774;22;22;24;23;23
901;493083.4854;7661273.049;23;24;23;23;24
902;493079.923;7661322.105;32;84;84;84;12
903;493073.521;7661369.919;21;23;21;21;22
904;493067.9077;7661422.999;22;22;22;22;22
905;493063.8108;7661473.405;71;83;71;71;71
906;493059.5233;7661523.002;24;23;12;23;24
907;493054.6763;7661573.418;25;24;24;23;23
908;493050.0977;7661622.302;25;24;24;75;24
909;493044.5373;7661672.201;23;24;24;23;22
910;493040.5898;7661721.205;22;22;22;23;23
911;493035.4872;7661771.38;23;25;22;75;25
912;493030.1133;7661825.428;23;23;23;23;23
913;493025.7016;7661870.94;22;22;12;23;24
914;493020.6444;7661921.063;23;23;23;23;22
915;493015.9097;7661969.956;22;12;23;12;22
916;493010.8078;7662019.112;22;30;22;24;23
917;493007.9242;7662066.657;22;22;22;30;30
918;493001.698;7662118.167;24;22;22;22;24
919;492997.276;7662166.759;30;30;24;24;30
920;492992.4009;7662217.138;30;24;30;30;30
921;493228.988;7660286.126;75;71;25;75;25
922;493226.125;7660334.83;42;85;75;42;42
923;493222.2212;7660385.119;22;27;22;80;22
924;493212.081;7660433.871;43;85;75;71;43
925;493211.9586;7660484.007;22;21;21;22;22
926;493206.6644;7660533.296;25;25;27;25;25
927;493203.16;7660584.347;22;23;75;27;21
928;493198.1811;7660633.949;22;25;22;22;22
929;493193.2233;7660683.034;32;23;31;85;22
930;493190.6602;7660733.353;22;24;12;23;22
931;493183.467;7660784.25;22;22;23;31;31
932;493180.133;7660833.525;22;24;24;23;24
933;493174.8805;7660882.485;25;80;25;25;22
934;493168.8021;7660932.693;24;24;23;23;24
935;493165.9196;7660982.568;25;22;22;22;22
936;493161.0485;7661032.366;24;24;24;24;24
937;493155.048;7661082.235;22;22;23;23;23
938;493149.4588;7661129.752;22;24;22;24;24
939;493146.296;7661181.94;25;23;23;24;24
940;493143.2364;7661232.42;22;22;25;23;24
941;493136.6019;7661280.303;32;32;32;31;31
942;493131.3885;7661329.553;89;89;89;89;89
943;493127.5209;7661379.531;23;22;24;24;22
944;493123.5787;7661428.077;23;24;23;23;24
945;493118.9591;7661479.713;25;25;23;23;23
946;493112.5856;7661529.452;22;24;12;22;23
947;493106.4243;7661579.003;22;22;23;23;75
948;493103.0934;7661627.614;25;23;25;22;23
949;493097.7213;7661677.557;22;22;25;22;23
950;493092.3014;7661728.144;25;23;24;25;22
951;493088.6279;7661776.784;25;25;25;24;25
952;493083.1375;7661826.315;23;23;22;23;12
953;493080.4943;7661876.675;22;30;30;30;22
954;493070.875;7661925.402;23;23;30;22;30
955;493067.2245;7661977.191;30;30;30;30;30
956;493061.2126;7662027.593;12;22;12;30;30
957;493056.7528;7662074.069;81;25;24;24;24
958;493052.3583;7662123.857;23;22;23;23;23
959;493047.7775;7662175.473;23;30;30;30;23
960;493040.9445;7662224.311;89;89;23;23;89
961;493283.5397;7660291.576;85;85;85;71;85
962;493278.4709;7660345.731;75;21;71;21;27
963;493271.4411;7660390.705;43;27;43;43;71
964;493268.0746;7660440.332;27;27;27;22;23
965;493264.1147;7660492.639;22;25;25;23;25
966;493257.7722;7660539.797;22;85;85;22;85
967;493251.6386;7660587.25;80;80;23;85;85
968;493247.2938;7660635.47;12;23;80;23;22
969;493242.5984;7660683.876;85;85;85;23;85
970;493238.6888;7660734.228;23;23;12;23;12
971;493232.698;7660784.236;23;23;24;23;31
972;493226.6606;7660834.556;31;31;85;31;85
973;493222.5985;7660883.839;23;12;12;32;12
974;493217.3212;7660935.777;31;30;31;29;31
975;493212.6712;7660982.524;22;23;23;22;23
976;493208.572;7661032.16;23;30;30;81;22
977;493203.6774;7661083.082;25;25;25;23;23
978;493198.4212;7661133.392;23;23;23;23;23
979;493194.3672;7661182.349;31;80;12;80;80
980;493189.4721;7661233.929;31;29;24;31;23
981;493183.8164;7661281.401;22;24;24;29;22
982;493180.1354;7661329.703;22;24;25;23;25
983;493174.7005;7661380.411;22;31;24;23;21
984;493169.2011;7661430.693;31;12;85;12;31
985;493163.7692;7661480.447;23;23;23;23;30
986;493161.0329;7661529.68;30;42;12;30;42
987;493153.7835;7661577.746;83;83;30;83;83
988;493149.8452;7661628.405;22;24;23;22;25
989;493145.6655;7661677.722;25;22;25;25;22
990;493141.0348;7661726.937;25;25;25;25;25
991;493137.0826;7661777.37;22;12;25;22;25
992;493131.5295;7661827.993;24;25;25;22;22
993;493126.6971;7661876.789;22;22;24;25;23
994;493121.5511;7661925.975;23;24;23;23;23
995;493117.5377;7661976.565;25;25;24;23;23
996;493116.0512;7662027.163;24;24;24;23;24
997;493107.2312;7662075.995;25;30;30;25;30
998;493102.1177;7662125.749;25;22;30;22;30
999;493096.3292;7662175.881;22;22;30;25;22
1000;493091.837;7662226.236;25;24;24;24;24
1001;493332.6645;7660294.194;27;27;27;21;27
1002;493327.9654;7660348.808;78;75;71;75;75
1003;493321.4075;7660393.137;23;21;27;27;27
1004;493316.0694;7660443.015;31;83;85;31;75
1005;493313.2603;7660492.057;23;31;31;31;85
1006;493306.3723;7660542.051;25;30;25;85;85
1007;493303.4808;7660592.989;30;30;22;30;30
1008;493297.4043;7660641.498;30;30;22;23;75
1009;493294.3726;7660692.565;22;22;23;22;22
1010;493289.1924;7660740.457;25;30;24;23;25
1011;493283.4092;7660792.225;25;30;24;23;25
1012;493280.9746;7660840.447;24;23;23;85;80
1013;493272.7695;7660892.411;23;23;23;23;23
1014;493269.2421;7660943.626;29;22;24;47;42
1015;493263.1209;7660991.527;22;23;22;22;22
1016;493260.0638;7661041.552;25;25;22;22;30
1017;493252.1142;7661091.463;81;22;30;24;22
1018;493247.4247;7661141.02;30;83;83;25;23
1019;493244.1569;7661188.163;23;23;24;24;23
1020;493238.9883;7661238.01;23;24;23;81;24
1021;493234.7384;7661287.645;24;24;24;24;24
1022;493227.6171;7661337.828;23;23;23;23;23
1023;493226.5288;7661386.716;30;25;30;23;23
1024;493217.9129;7661435.718;25;75;25;75;25
1025;493211.8761;7661488.484;22;30;22;22;23
1026;493209.792;7661536.104;23;23;23;25;75
1027;493202.9292;7661585.755;85;12;29;85;85
1028;493198.7973;7661637.564;23;85;23;23;85
1029;493193.0125;7661686.451;80;80;80;80;80
1030;493190.1225;7661735.69;22;25;30;30;22
1031;493183.8446;7661783.785;22;22;22;25;22
1032;493179.2598;7661834.991;30;25;30;30;30
1033;493175.4163;7661884.58;25;23;25;25;25
1034;493168.0049;7661936.081;85;85;85;85;24
1035;493164.7379;7661982.687;30;30;25;85;29
1036;493159.1977;7662033.544;24;23;24;24;30
1037;493151.7217;7662088.111;25;25;24;22;23
1038;493148.8062;7662134.285;30;30;24;24;30
1039;493144.6337;7662184.117;22;25;25;22;22
1040;493140.557;7662233.731;24;22;24;22;12
1041;493379.2004;7660296.474;30;44;71;27;27
1042;493377.281;7660340.868;22;25;27;75;75
1043;493370.4606;7660395.589;87;87;85;85;89
1044;493364.114;7660447.45;85;31;85;85;85
1045;493359.8784;7660495.105;25;81;30;85;85
1046;493354.7791;7660547.968;21;81;21;21;22
1047;493351.2478;7660597.32;27;30;27;30;25
1048;493345.7645;7660646.582;85;85;30;24;23
1049;493341.8947;7660697.194;22;24;23;22;22
1050;493335.881;7660747.172;41;42;41;41;41
1051;493332.4971;7660801.697;23;24;24;23;24
1052;493325.3468;7660845.406;23;23;12;23;23
1053;493323.5917;7660895.355;23;24;22;22;24
1054;493318.2217;7660946.196;23;23;23;23;23
1055;493313.9906;7660992.533;23;23;23;30;24
1056;493308.1594;7661043.585;23;23;85;23;22
1057;493304.9017;7661095.5;42;75;43;42;47
1058;493297.8982;7661142.794;23;23;23;23;23
1059;493292.3824;7661192.244;24;24;24;24;24
1060;493287.7891;7661242.419;23;25;25;23;23
1061;493282.8507;7661291.854;23;23;23;23;24
1062;493277.1873;7661343.125;85;22;75;25;75
1063;493272.2227;7661391.896;23;30;25;23;22
1064;493267.45;7661444.241;22;25;75;75;75
1065;493262.4231;7661488.033;24;23;25;75;30
1066;493256.5135;7661546.43;22;22;21;22;23
1067;493252.9855;7661589.992;22;22;23;71;23
1068;493248.3272;7661640.755;12;23;23;23;71
1069;493243.806;7661689.056;25;25;22;30;85
1070;493239.6435;7661738.389;85;23;85;85;80
1071;493233.5347;7661790.57;89;89;89;89;89
1072;493230.5081;7661838.982;75;85;75;75;75
1073;493224.2596;7661887.546;31;75;31;85;75
1074;493219.1883;7661938.045;23;23;23;23;23
1075;493213.6389;7661987.52;23;23;23;30;23
1076;493209.2033;7662038.337;23;23;30;25;30
1077;493204.023;7662085.677;30;30;30;25;30
1078;493198.4273;7662134.614;22;22;30;23;30
1079;493193.6281;7662185.873;25;25;30;30;25
1080;493187.5306;7662235.441;22;25;25;24;24
1081;493432.8668;7660304.597;75;85;85;75;85
1082;493423.6504;7660355.15;25;30;25;24;31
1083;493420.6335;7660405.219;31;31;31;85;12
1084;493414.8338;7660451.676;22;30;25;22;30
1085;493410.8075;7660503.712;21;21;22;22;27
1086;493406.6573;7660552.87;12;25;25;75;25
1087;493403.1539;7660603.392;43;43;22;25;25
1088;493396.6083;7660651.496;22;25;22;22;23
1089;493392.3478;7660700.596;24;30;30;30;24
1090;493387.4824;7660752.354;80;80;83;80;80
1091;493381.4742;7660803.263;22;23;23;30;22
1092;493376.2415;7660851.687;23;23;23;30;24
1093;493372.6255;7660899.275;25;25;85;24;24
1094;493367.0004;7660950.343;24;23;23;23;23
1095;493362.655;7661001.482;25;25;24;23;25
1096;493356.0693;7661049.839;23;23;23;23;23
1097;493351.3792;7661097.468;22;22;23;23;23
1098;493345.7676;7661147.789;12;12;23;23;23
1099;493341.2563;7661199.053;23;23;23;23;22
1100;493336.8468;7661248.159;23;22;12;75;12
1101;493333.2603;7661299.214;25;75;25;75;75
1102;493327.2842;7661345.975;22;22;23;23;22
1103;493321.4393;7661393.582;82;22;23;81;22
1104;493317.3795;7661445.376;81;22;22;75;75
1105;493312.2619;7661496.406;75;12;30;41;75
1106;493307.9006;7661547.991;71;83;71;71;83
1107;493303.2491;7661598.367;22;85;85;23;22
1108;493296.8214;7661645.671;22;22;23;23;23
1109;493292.6036;7661697.112;22;30;22;23;22
1110;493287.8383;7661745.76;23;24;30;30;23
1111;493281.0868;7661799.531;30;75;24;30;75
1112;493277.4428;7661843.885;85;29;85;29;85
1113;493273.5853;7661892.528;25;25;25;31;31
1114;493264.5553;7661944.551;25;24;24;85;31
1115;493263.6375;7661992.825;22;80;23;24;23
1116;493257.2532;7662043.9;30;30;22;22;22
1117;493253.8309;7662092.202;25;30;30;23;23
1118;493248.2845;7662144.534;30;30;25;22;30
1119;493242.9795;7662191.174;22;25;22;22;25
1120;493240.0431;7662240.773;25;30;30;30;22
1121;493482.7136;7660307.609;27;22;22;27;27
1122;493473.8781;7660357.02;85;31;85;85;31
1123;493470.5259;7660406.483;22;30;22;27;30
1124;493467.6881;7660455.738;85;22;21;85;23
1125;493462.1733;7660505.741;27;22;22;27;30
1126;493455.1105;7660558.894;23;30;30;23;23
1127;493451.2428;7660605.57;85;22;23;25;30
1128;493443.9059;7660658.059;30;30;30;30;30
1129;493439.9476;7660704.88;42;42;41;42;85
1130;493435.9465;7660754.948;25;30;30;25;30
1131;493431.331;7660804.916;22;22;21;23;22
1132;493426.3634;7660854.229;24;43;25;12;24
1133;493422.3312;7660903.712;43;75;75;43;44
1134;493417.207;7660953.238;75;75;75;75;85
1135;493412.4893;7661002.936;80;31;83;80;22
1136;493406.5065;7661052.838;22;22;23;23;22
1137;493400.6703;7661102.637;23;23;22;23;23
1138;493397.8731;7661151.118;25;75;24;24;23
1139;493393.0597;7661201.831;25;25;22;75;30
1140;493385.7222;7661252.274;12;25;75;24;75
1141;493382.3696;7661302.477;23;23;22;22;22
1142;493377.8961;7661351.265;23;22;30;22;23
1143;493370.5559;7661403.498;22;23;22;22;22
1144;493367.4422;7661450.719;75;22;75;30;12
1145;493363.0732;7661498.781;22;23;23;22;22
1146;493358.738;7661551.825;23;31;23;23;23
1147;493354.6808;7661601.699;85;83;24;23;83
1148;493349.7961;7661649.351;23;23;23;23;23
1149;493342.7744;7661699.971;22;22;22;23;23
1150;493339.6317;7661748.934;24;12;29;22;30
1151;493333.0965;7661799.527;12;12;24;23;23
1152;493327.5271;7661849.514;85;85;85;22;85
1153;493324.0372;7661897.118;30;12;71;71;25
1154;493319.7377;7661946.07;23;23;24;24;24
1155;493314.594;7661996.122;24;24;24;24;23
1156;493308.6134;7662045.459;30;12;30;30;30
1157;493303.9745;7662096.88;22;22;22;22;30
1158;493298.66;7662145.795;24;24;24;30;24
1159;493295.0253;7662195.316;22;30;30;30;22
1160;493288.9372;7662245.348;22;30;30;24;30
1161;493532.6377;7660316.54;85;85;85;85;87
1162;493527.4977;7660368.366;21;21;21;21;27
1163;493522.4238;7660415.908;22;22;22;22;23
1164;493517.1793;7660464.703;31;85;27;85;85
1165;493511.3882;7660514.788;75;85;22;75;22
1166;493506.5902;7660565.434;22;25;23;22;22
1167;493500.7051;7660614.162;22;30;30;30;27
1168;493497.586;7660662.297;25;25;25;25;41
1169;493493.3646;7660713.791;25;23;30;23;30
1170;493486.9139;7660762.65;41;41;41;41;41
1171;493483.9098;7660811.487;23;22;22;22;23
1172;493480.0882;7660862.637;23;22;22;22;21
1173;493472.6458;7660910.787;22;22;22;23;22
1174;493466.0967;7660958.598;23;30;22;23;23
1175;493464.011;7661011.935;22;22;22;23;22
1176;493457.2491;7661061.788;23;24;22;23;22
1177;493452.3053;7661111.281;75;75;75;75;30
1178;493450.2358;7661162.553;30;23;30;30;25
1179;493443.9292;7661211.291;25;12;25;23;23
1180;493436.9476;7661260.754;22;22;23;23;23
1181;493432.8285;7661309.566;75;22;75;23;75
1182;493429.8371;7661358.359;22;30;22;22;22
1183;493424.7928;7661410.076;80;80;30;25;23
1184;493418.6916;7661460.776;22;30;22;22;23
1185;493414.4639;7661509.471;31;22;30;23;31
1186;493409.0788;7661558.893;87;85;85;80;89
1187;493403.303;7661610.233;12;12;12;31;30
1188;493400.1425;7661659.333;31;31;31;31;85
1189;493395.9518;7661709.04;22;30;23;22;30
1190;493390.1484;7661759.964;23;23;25;30;24
1191;493385.7415;7661808.316;12;23;24;30;24
1192;493380.574;7661858.514;22;22;22;31;23
1193;493377.1941;7661906.431;22;75;30;85;30
1194;493370.6842;7661955.936;85;12;12;75;30
1195;493367.3431;7662006.589;31;85;85;30;24
1196;493361.9083;7662056.014;24;24;24;23;30
1197;493357.1534;7662107.706;30;30;30;24;30
1198;493351.6378;7662157.103;25;25;22;30;22
1199;493347.8263;7662204.811;22;30;30;30;22
1200;493340.5778;7662252.533;22;22;30;23;23
